sample,device_utilization_percent,renderer_utilization_percent,in_use_system_memory_bytes
0,43,39,1101414400
1,38,43,1270743040
2,54,42,1692139520
3,71,69,1741586432
4,72,57,1955299328
5,73,100,1903394816
6,72,13,1768865792
7,73,61,1829617664
8,74,59,1883783168
9,72,45,1656094720
10,73,77,1841184768
11,71,36,1581678592
12,71,59,1800454144
13,74,66,1642053632
14,73,59,1654194176
15,71,63,1947566080
16,74,55,1909817344
17,72,60,1686274048
18,72,64,1700069376
19,71,59,1761378304
20,74,78,1727365120
21,75,50,1813987328
22,71,64,1814740992
23,73,47,1847246848
24,71,23,1814790144
25,72,65,1680359424
26,74,21,1760215040
27,73,100,1752956928
28,73,62,1836253184
29,71,61,1687961600
30,75,64,1843904512
31,74,45,1822294016
32,72,60,1586888704
33,77,46,1953628160
34,74,44,1942487040
35,72,77,1818836992
36,75,14,1679704064
37,74,59,1741406208
38,76,30,1979252736
39,73,15,1716846592
40,74,74,1586970624
41,76,44,1744715776
42,72,18,1726496768
43,74,100,1724121088
44,72,94,1837285376
45,71,75,1838071808
46,74,76,1815920640
47,72,63,1818001408
48,73,68,1842528256
49,72,42,1987756032
50,73,64,1936719872
51,72,61,1841807360
52,71,63,1945452544
53,72,56,1821982720
54,75,54,1821835264
55,73,40,1936719872
56,73,64,2044657664
57,71,37,1822425088
58,74,64,1790164992
59,76,15,1688485888
60,70,60,1782726656
61,78,79,1790558208
62,72,60,1806729216
63,73,68,1813413888
64,74,64,2008743936
65,74,64,1999716352
66,74,53,1865662464
67,72,37,1728036864
68,72,76,1653391360
69,74,0,1850966016
70,71,27,1858273280
71,73,63,1619378176
72,70,77,1734885376
73,74,59,1759723520
74,76,30,1639464960
75,72,64,1759117312
76,74,67,2009235456
77,73,27,2023849984
78,73,100,1636368384
79,73,100,1827373056
80,73,59,1839497216
81,74,64,1864695808
82,72,38,1629569024
83,72,74,1755201536
84,73,30,1855127552
85,71,27,1768374272
86,74,0,1535148032
87,75,71,1758838784
88,72,73,1768374272
89,74,70,1660747776
90,72,55,1530462208
91,73,66,1759051776
92,75,0,1768177664
93,74,58,1530576896
94,73,66,1646444544
95,74,18,1763147776
96,73,100,1771110400
97,72,33,1530462208
98,73,53,1755938816
99,74,25,1754267648
100,73,16,1660272640
101,74,27,1530462208
102,72,25,1745289216
103,71,0,1768456192
104,73,62,1748779008
105,75,42,1717977088
106,72,65,1859256320
107,74,61,1963491328
108,70,37,1950810112
109,72,69,1848885248
110,73,80,1868316672
111,70,64,1925136384
112,72,80,1741799424
113,73,81,1914994688
114,73,64,1987739648
115,72,69,1946075136
116,74,56,1722236928
117,72,100,1794539520
118,74,43,1764999168
119,71,77,1752023040
120,73,59,1668431872
121,73,100,1802371072
122,75,100,1751924736
123,73,100,1800994816
124,68,66,1813200896
125,74,66,1875279872
126,74,32,1987198976
127,71,91,1972518912
128,74,65,1955397632
129,73,72,1669087232
130,72,63,1688092672
131,73,23,1653899264
132,72,100,1685995520
133,72,58,1671725056
134,73,87,1780154368
135,75,70,1656193024
136,70,61,1679720448
137,70,68,1686962176
138,73,46,1783185408
139,71,63,1663778816
140,72,47,1685995520
141,72,63,1783545856
142,73,64,1874247680
143,73,50,1642299392
144,72,64,1757708288
145,73,30,1780940800
146,70,0,1788198912
147,72,100,1560281088
148,73,37,1747517440
149,70,61,1785774080
150,74,29,1553399808
151,71,63,1669349376
152,73,100,1780449280
153,72,100,1785757696
154,71,59,1553399808
155,74,77,1679261696
156,72,63,1779908608
157,71,26,1779924992
158,76,0,1553399808
159,72,100,1780793344
160,74,78,1785446400
161,72,67,1683357696
162,71,75,1553399808
163,73,64,1780645888
